toutiao.growth.dsp	toutiao_lite	growth_dsp	13	385270	toutiao_lite:growth_dsp	1.20	462324	77054
toutiao.luckycat.aweme_api	luckycat	aweme_lite	2329	247224	luckycat:aweme_lite	1.24	306558	59334
toutiao.client_impr.api	toutiao	client_impr	13	136646	toutiao:client_impr	1.20	163975	27329
toutiao.reading.ugcapi	toutiao	novel	1967	107487	toutiao:novel	2.16	232172	124685
toutiao.search_suggest.go_api	toutiao	search	13	83944	toutiao:search	1.20	100733	16789
toutiao.luckycat.lite_api	luckycat	default	35	81777	luckycat:default	1.20	98132	16355
toutiao.reading.bookapi	toutiao	novel	1967	76000	toutiao:novel	2.16	164160	88160
toutiao.msg.go_api	ugc	msg	13	68009	ugc:msg	1.20	81611	13602
toutiao.reading.userapi	toutiao	novel	1967	55042	toutiao:novel	2.16	118891	63849
toutiao.reading.readerapi	toutiao	novel	1967	55033	toutiao:novel	2.16	118871	63838
toutiao.comment.goapi	ugc	comment	13	52394	ugc:comment	1.20	62873	10479
toutiao.task.api	luckycat	default	35	51354	luckycat:default	1.20	61625	10271
toutiao.settings.settings	toutiao	settings_api	13	50021	toutiao:settings_api	1.20	60025	10004
toutiao.plugin.api	toutiao	plugin	13	49778	toutiao:plugin	1.20	59734	9956
toutiao.luckycat.novel_api	luckycat	default	1967	44802	luckycat:default	2.16	96772	51970
toutiao.ugc.post_api	ugc	post	13	44190	ugc:post	1.20	53028	8838
toutiao.client_impr.api	toutiao	client_impr	35	43178	toutiao:client_impr	1.20	51814	8636
cloudpush.location.api	toutiao	location	13	34118	toutiao:location	1.20	40942	6824
toutiao.settings.settings	toutiao	settings_api	35	33701	toutiao:settings_api	1.20	40441	6740
toutiao.task.info	luckycat	default	35	33284	luckycat:default	1.20	39941	6657
toutiao.stream.go_refresh_tips	toutiao	refresh_tips	13	32519	toutiao:refresh_tips	1.20	39023	6504
toutiao.action.goapi	toutiao	action_api	13	27357	toutiao:action_api	1.20	32828	5471
toutiao.stream.goapi	toutiao_core	stream_channel	13	26298	toutiao_core:stream_channel	1.20	31558	5260
toutiao.settings.settings	toutiao	settings_api	2329	23766	toutiao:settings_api	1.24	29470	5704
toutiao.app.category_api	toutiao	category	13	22521	toutiao:category	1.20	27025	4504
toutiao.msg.go_api	ugc	msg	35	22354	ugc:msg	1.20	26825	4471
toutiao.article.go_api	toutiao	article	13	21985	toutiao:article	1.20	26382	4397
toutiao.stream.goapi	toutiao_core	stream_feed	13	21777	toutiao_core:stream_feed	1.20	26132	4355
toutiao.app.category_api	toutiao	category	35	21420	toutiao:category	1.20	25704	4284
toutiao.stream.goapi	toutiao_core	stream_light	13	20036	toutiao_core:stream_light	1.20	24043	4007
toutiao.settings.settings	toutiao	settings_api	1967	19803	toutiao:settings_api	2.16	42774	22971
toutiao.luckycat.garden_api	luckycat	activity	2329	19663	luckycat:activity	1.24	24382	4719
toutiao.reading.msgapi	toutiao	novel	1967	18809	toutiao:novel	2.16	40627	21818
toutiao.plugin.api	toutiao	plugin	2329	17520	toutiao:plugin	1.24	21725	4205
toutiao.information.go_api	toutiao	information	13	17389	toutiao:information	1.20	20867	3478
toutiao.comment.goapi	ugc	comment	35	15937	ugc:comment	1.20	19124	3187
toutiao.growth.goweasel	toutiao_lite	growth	13	14292	toutiao_lite:growth	1.20	17150	2858
toutiao.user.my_tabs	toutiao	toutiao_my_tabs	13	13026	toutiao:toutiao_my_tabs	1.20	15631	2605
toutiao.stream.go_refresh_tips	toutiao	refresh_tips	35	11778	toutiao:refresh_tips	1.20	14134	2356
toutiao.growth.goweasel	toutiao_lite	growth	2329	11449	toutiao_lite:growth	1.24	14197	2748
toutiao.plugin.api	toutiao	plugin	1967	10875	toutiao:plugin	2.16	23490	12615
cloudpush.location.api	toutiao	location	2329	10370	toutiao:location	1.24	12859	2489
toutiao.amos.amos_stream	toutiao	amos_stream	13	10360	toutiao:amos_stream	1.20	12432	2072
toutiao.luckycat.garden_api	luckycat	activity	35	10301	luckycat:activity	1.20	12361	2060
toutiao.search.go_api	toutiao	search	13	9900	toutiao:search	1.20	11880	1980
aweme.web.goapi	hybrid	aweme	2329	9673	hybrid:aweme	1.24	11995	2322
aweme.api.goug	hybrid	aweme	2329	9543	hybrid:aweme	1.24	11833	2290
aweme.cmpl.api	hybrid	aweme	2329	9542	hybrid:aweme	1.24	11832	2290
aweme.poi.goapi	hybrid	aweme	2329	9542	hybrid:aweme	1.24	11832	2290
aweme.web.goapi_commerce	hybrid	aweme	2329	9542	hybrid:aweme	1.24	11832	2290
aweme.api.gomain	hybrid	aweme	2329	9540	hybrid:aweme	1.24	11830	2290
aweme.api.goares	hybrid	aweme	2329	9459	hybrid:aweme	1.24	11729	2270
webcast.setting.api	hybrid	aweme	2329	9400	hybrid:aweme	1.24	11656	2256
toutiao.stream.goapi	toutiao_core	stream_feed	35	9097	toutiao_core:stream_feed	1.20	10916	1819
toutiao.fe.search_stream	toutiao	search	13	8089	toutiao:search	1.20	9707	1618
data.abtest.vm_agw	toutiao	abtest	2329	8044	toutiao:abtest	1.24	9975	1931
toutiao.wap.share_strategy	toutiao_lite	default	35	7772	toutiao_lite:default	1.20	9326	1554
aweme.api.goprofile	hybrid	aweme	2329	7612	hybrid:aweme	1.24	9439	1827
aweme.api.gonotice	hybrid	aweme	2329	7604	hybrid:aweme	1.24	9429	1825
toutiao.wap.share_strategy	toutiao_lite	default	1967	7291	toutiao_lite:default	2.16	15749	8458
toutiao.ugc.post_api	ugc	post	35	7223	ugc:post	1.20	8668	1445
toutiao.search_suggest.go_api	toutiao	search	35	7152	toutiao:search	1.20	8582	1430
toutiao.plugin.api	toutiao	plugin	35	7132	toutiao:plugin	1.20	8558	1426
toutiao.novel.book_goapi	toutiao	novel	13	6931	toutiao:novel	1.20	8317	1386
toutiao.information.go_api	toutiao	information	35	6710	toutiao:information	1.20	8052	1342
toutiao.search.search_suggest_words	toutiao	search	13	6065	toutiao:search	1.20	7278	1213
cloudpush.location.api	toutiao	location	35	5937	toutiao:location	1.20	7124	1187
cmp.ecom.smart-go	ec	product	13	5921	ec:product	1.20	7105	1184
cmp.ecom.alliance_live	temai	talent_seller	2329	5847	temai:talent_seller	1.24	7250	1403
toutiao.stream.goapi	toutiao_core	stream_channel	35	5750	toutiao_core:stream_channel	1.20	6900	1150
toutiao.ugc.im	ugc	default	13	5643	ugc:default	1.20	6772	1129
toutiao.novel.book_goapi	toutiao	novel	35	5496	toutiao:novel	1.20	6595	1099
ttgame.open.lite_support	toutiao	default	13	5412	toutiao:default	1.20	6494	1082
toutiao.luckycat.garden_api	luckycat	activity	1967	5358	luckycat:activity	2.16	11573	6215
toutiao.novel.book_goapi	toutiao	novel	2329	4975	toutiao:novel	1.24	6169	1194
toutiao.growth.goweasel	toutiao_lite	growth	1967	4775	toutiao_lite:growth	2.16	10314	5539
ad.tetris.consult	toutiao	default	13	4491	toutiao:default	1.20	5389	898
toutiao.wap.share_strategy	toutiao_lite	default	13	4371	toutiao_lite:default	1.20	5245	874
data.abtest.vm_agw	toutiao	abtest	1967	4182	toutiao:abtest	2.16	9033	4851
cmp.ecom.smart-go	ec	smart_go	13	4133	ec:smart_go	1.20	4960	827
toutiao.action.goapi	toutiao	action_api	35	4083	toutiao:action_api	1.20	4900	817
toutiao.growth.goweasel	toutiao_lite	growth	35	4056	toutiao_lite:growth	1.20	4867	811
toutiao.feedback.goapi	toutiao	default	1967	3982	toutiao:default	2.16	8601	4619
toutiao.learning.goapi	learning	default	13	3886	learning:default	1.20	4663	777
toutiao.fe.xigua_video_web_pc	video	xigua_video_web_pc	13	3808	video:xigua_video_web_pc	1.20	4570	762
toutiao.storage.small_storage	toutiao	small_storage	13	3683	toutiao:small_storage	1.20	4420	737
toutiao.danmaku.api	toutiao	default	13	3487	toutiao:default	1.20	4184	697
cmp.ecom.open	temai	open	13	3429	temai:open	1.20	4115	686
toutiao.pgc.strategy_card	toutiao	pgc	13	3301	toutiao:pgc	1.20	3961	660
toutiao.user.relation_api_gin	toutiao	ugc	35	3149	toutiao:ugc	1.20	3779	630
ttgame.open.openapi_game	hybrid	default	13	2860	hybrid:default	1.20	3432	572
toutiao.web.toutiao_pc	toutiao	default	13	2787	toutiao:default	1.20	3344	557
webcast.platform.node	live	default	13	2782	live:default	1.20	3338	556
toutiao.storage.small_storage	toutiao	small_storage	35	2373	toutiao:small_storage	1.20	2848	475
ttgame.goldgame.playservice	toutiao	default	13	2371	toutiao:default	1.20	2845	474
toutiao.wenda.clientapi	ugc	wenda	13	2358	ugc:wenda	1.20	2830	472
ttgame.goldgame.playservice	toutiao	default	2329	2223	toutiao:default	1.24	2757	534
toutiao.stream.goapi	toutiao_core	stream_light	35	2160	toutiao_core:stream_light	1.20	2592	432
toutiao.search.stream	toutiao	search	13	2070	toutiao:search	1.20	2484	414
byte.es.ecom_order_user	search	ecom_order_user	13	1961	search:ecom_order_user	1.20	2353	392
toutiao.user.relation_api_gin	toutiao	ugc	13	1841	toutiao:ugc	1.20	2209	368
cmp.ecom.zhidianmall	ec	zhidianmall	13	1800	ec:zhidianmall	1.20	2160	360
toutiao.fe.xigua_video_web_auth	video	xigua_video_web_pc	13	1790	video:xigua_video_web_pc	1.20	2148	358
cmp.ecom.frontend_h5_fe	ec	fe	13	1714	ec:fe	1.20	2057	343
toutiao.article.go_api	toutiao	article	35	1603	toutiao:article	1.20	1924	321
cmp.ecom.alliance_live	temai	talent_seller	13	1544	temai:talent_seller	1.20	1853	309
toutiao.fe.search_stream	toutiao	search	35	1508	toutiao:search	1.20	1810	302
toutiao.wenda.clientapi	ugc	wenda	35	1483	ugc:wenda	1.20	1780	297
toutiao.novel.account_goapi	toutiao	novel	35	1459	toutiao:novel	1.20	1751	292
cmp.ecom.luban_smart_api	ec	luban	13	1442	ec:luban	1.20	1730	288
toutiao.novel.account_goapi	toutiao	novel	13	1393	toutiao:novel	1.20	1672	279
byte.es.aladdin	search	aladdin	13	1368	search:aladdin	1.20	1642	274
toutiao.novel.account_goapi	toutiao	novel	2329	1322	toutiao:novel	1.24	1639	317
toutiao.search.search_suggest_words	toutiao	search	2329	1254	toutiao:search	1.24	1555	301
toutiao.ugc.video_api	toutiao	ugc_video_api	13	1246	toutiao:ugc_video_api	1.20	1495	249
toutiao.feedback.goapi	toutiao	default	2329	1238	toutiao:default	1.24	1535	297
ttgame.micro.distribute	toutiao	default	2329	1168	toutiao:default	1.24	1448	280
cmp.ecom.smart-go	ec	order	13	1115	ec:order	1.20	1338	223
toutiao.luckycat.article_lite	luckycat	default	35	1036	luckycat:default	1.20	1243	207
toutiao.novel.channel_goapi	toutiao	novel	13	996	toutiao:novel	1.20	1195	199
toutiao.mercury.go_open_relation	hybrid	open_stream	13	981	hybrid:open_stream	1.20	1177	196
toutiao.search.search_suggest_words	toutiao	search	35	980	toutiao:search	1.20	1176	196
toutiao.novelfm.userapi	toutiao	novel	3040	946	toutiao:novel	50.00	47300	46354
ecom.shop.api	ec	fxg_houtai	13	923	ec:fxg_houtai	1.20	1108	185
toutiao.ugc.forum_api	ugc	forum_api	13	923	ugc:forum_api	1.20	1108	185
toutiao.novel.channel_goapi	toutiao	novel	35	908	toutiao:novel	1.20	1090	182
cmp.ecom.byteshop	ec	fxg_houtai	13	893	ec:fxg_houtai	1.20	1072	179
byte.es.poi_search	search	poi_search	13	828	search:poi_search	1.20	994	166
mubu.biz.openapi	mubu	default	13	824	mubu:default	1.20	989	165
aweme.open.gateway	aweme	default	13	793	aweme:default	1.20	952	159
toutiao.comment.publish_api	ugc	comment	13	785	ugc:comment	1.20	942	157
ttgame.micro.recommend	toutiao	default	13	779	toutiao:default	1.20	935	156
toutiao.search.go_api	toutiao	search	35	751	toutiao:search	1.20	901	150
toutiao.fe.search_log	toutiao	search	13	720	toutiao:search	1.20	864	144
byte.es.ecom_product	search	ecom_product	13	701	search:ecom_product	1.20	841	140
toutiao.gis.reverse_geolocation	toutiao	location	13	673	toutiao:location	1.20	808	135
toutiao.reading.cryptapi	toutiao	novel	1967	662	toutiao:novel	2.16	1430	768
toutiao.ugc.video_api	toutiao	ugc_video_api	35	658	toutiao:ugc_video_api	1.20	790	132
toutiao.novel.channel_goapi	toutiao	novel	2329	626	toutiao:novel	1.24	776	150
toutiao.audio.goapi_app	toutiao	pgc	13	615	toutiao:pgc	1.20	738	123
toutiao.search.activity	toutiao	search	35	551	toutiao:search	1.20	661	110
toutiao.pgcapi.mp_notify	toutiao	pgc	13	536	toutiao:pgc	1.20	643	107
byte.es.showcase_es	search	showcase_es	13	522	search:showcase_es	1.20	626	104
toutiao.novelfm.playerapi	toutiao	novel	3040	507	toutiao:novel	50.00	25350	24843
toutiao.luckycat.power_api	luckycat	power_api	2329	506	luckycat:power_api	1.24	627	121
toutiao.learning.column_consumption_api	learning	default	13	483	learning:default	1.20	580	97
toutiao.learning.goapi	learning	default	35	482	learning:default	1.20	578	96
toutiao.user.block_goapi	ugc	default	13	472	ugc:default	1.20	566	94
ttgame.open.openapi_game	hybrid	default	35	421	hybrid:default	1.20	505	84
ttgame.open.openapi_game	hybrid	default	2329	398	hybrid:default	1.24	494	96
toutiao.novelfm.bookapi	toutiao	novel	3040	380	toutiao:novel	50.00	19000	18620
toutiao.ugc.forum_api	ugc	forum_api	35	364	ugc:forum_api	1.20	437	73
toutiao.pgcapi.mp_creator_center	toutiao	pgc	13	321	toutiao:pgc	1.20	385	64
toutiao.luckycat.novel_fm_api	luckycat	default	3040	317	luckycat:default	50.00	15850	15533
byte.es.rank_list	search	rank_list	13	313	search:rank_list	1.20	376	63
toutiao.ugc.publish_goapi	ugc	post	13	298	ugc:post	1.20	358	60
cmp.ecom.luban_smart_api	temai	luban	13	296	temai:luban	1.20	355	59
toutiao.novel.tpl	toutiao	novel	13	295	toutiao:novel	1.20	354	59
edu.ey_kid.student_api	hybrid	guagualong	13	292	hybrid:guagualong	1.20	350	58
toutiao.tt_service.other_api	toutiao	default	13	292	toutiao:default	1.20	350	58
toutiao.pgcfe.custom_data_server	toutiao	pgc	13	265	toutiao:pgc	1.20	318	53
cmp.ecom.zhidianmall	ec	zhidianmall	35	261	ec:zhidianmall	1.20	313	52
toutiao.crowdsourcing.task	toutiao	default	35	242	toutiao:default	1.20	290	48
byte.es.chameleon_es	search	chameleon_es	13	239	search:chameleon_es	1.20	287	48
byte.es.novel	search	novel	13	228	search:novel	1.20	274	46
toutiao.luckycat.news_api	luckycat	default	13	215	luckycat:default	1.20	258	43
toutiao.web.toutiao_pc_api	toutiao	default	13	212	toutiao:default	1.20	254	42
data.abtest.vm_agw	toutiao	abtest	13	208	toutiao:abtest	1.20	250	42
search.es.common	search	common	13	203	search:common	1.20	244	41
toutiao.search.stream	toutiao	search	35	202	toutiao:search	1.20	242	40
byte.es.reading	search	reading	13	198	search:reading	1.20	238	40
toutiao.stream.questionnaire	toutiao	default	13	191	toutiao:default	1.20	229	38
toutiao.novel.tpl	toutiao	novel	2329	190	toutiao:novel	1.24	236	46
toutiao.pgcapi.mp_statistic	toutiao	pgc	13	187	toutiao:pgc	1.20	224	37
toutiao.novel.tpl	toutiao	novel	35	175	toutiao:novel	1.20	210	35
toutiao.comment.publish_api	ugc	comment	35	168	ugc:comment	1.20	202	34
byte.es.ecom_all_product_info	search	ecom_all_product_info	13	165	search:ecom_all_product_info	1.20	198	33
toutiao.videoarch.cdn_probe_dialer	data_platform	default	13	165	data_platform:default	1.20	198	33
toutiao.yunyu.api	toutiao	default	13	163	toutiao:default	1.20	196	33
toutiao.pgcapi.mp_creator_helper	toutiao	pgc	13	163	toutiao:pgc	1.20	196	33
toutiao.novel.audio_goapi	toutiao	novel	13	162	toutiao:novel	1.20	194	32
toutiao.ugc.comment_api	ugc	comment	13	161	ugc:comment	1.20	193	32
byte.es.em_search_offline	search	em_search_offline	13	152	search:em_search_offline	1.20	182	30
toutiao.luckycat.power_api	luckycat	power_api	35	130	luckycat:power_api	1.20	156	26
cg.audit.web	hybrid	cg_crm_app	13	128	hybrid:cg_crm_app	1.20	154	26
cmp.ecom.alliance_live	temai	talent_seller	35	127	temai:talent_seller	1.20	152	25
ttgame.open.wallet	hybrid	default	13	113	hybrid:default	1.20	136	23
toutiao.pgcapi.mp_media	toutiao	pgc	13	112	toutiao:pgc	1.20	134	22
toutiao.pgcapi.mp_general	toutiao	pgc	13	108	toutiao:pgc	1.20	130	22
toutiao.reading.mediaapi	toutiao	novel	1967	103	toutiao:novel	2.16	222	119
aweme.api.goactivity	hybrid	aweme	2329	100	hybrid:aweme	1.24	124	24
cmp.ecom.talent_seller	ec	talent_seller	13	99	ec:talent_seller	1.20	119	20
byte.es.ecom_landpage	search	ecom_landpage	13	99	search:ecom_landpage	1.20	119	20
people.atsx.openapi	people_saas	default	13	98	people_saas:default	1.20	118	20
ngcc.cloud.gateway	hybrid	ngcc	13	96	hybrid:ngcc	1.20	115	19
aweme.lite.api_settings	luckycat	aweme_lite	2329	92	luckycat:aweme_lite	1.24	114	22
toutiao.luckycat.power_api	luckycat	power_api	1967	90	luckycat:power_api	2.16	194	104
toutiao.pgc.deliver	toutiao	pgc	13	86	toutiao:pgc	1.20	103	17
byte.es.stock_search	search	stock_search	13	81	search:stock_search	1.20	97	16
toutiao.snssdk.misc	toutiao	default	13	77	toutiao:default	1.20	92	15
cmp.ecom.shop_fe	ec	fe_host_route	13	74	ec:fe_host_route	1.20	89	15
toutiao.plugin.api	toutiao	plugin	3040	74	toutiao:plugin	50.00	3700	3626
toutiao.ugc.publish_api	toutiao	default	13	74	toutiao:default	1.20	89	15
cmp.ecom.shop_fe	ec	fe	13	73	ec:fe	1.20	88	15
cmp.ecom.smart-go	ec	smart_go	35	70	ec:smart_go	1.20	84	14
stone.mobile.pearl	hybrid	default	13	68	hybrid:default	1.20	82	14
byte.es.ies_promotion_data	search	ies_promotion_data	13	68	search:ies_promotion_data	1.20	82	14
toutiao.ugc.video_hashtag_api	toutiao	default	13	67	toutiao:default	1.20	80	13
toutiao.wap.share_strategy	toutiao_lite	default	3040	67	toutiao_lite:default	50.00	3350	3283
toutiao.cg.cms	hybrid	cg_crm_app	13	67	hybrid:cg_crm_app	1.20	80	13
toutiao.novelfm.bookmallapi	toutiao	novel	3040	64	toutiao:novel	50.00	3200	3136
ttgame.reward.task	toutiao	default	13	64	toutiao:default	1.20	77	13
data.abtest.vm_agw	toutiao	abtest	35	62	toutiao:abtest	1.20	74	12
toutiao.haohuo.site	temai	haohuo	13	61	temai:haohuo	1.20	73	12
toutiao.trending.topic_api	toutiao	default	13	60	toutiao:default	1.20	72	12
toutiao.user.report_api	toutiao	default	13	60	toutiao:default	1.20	72	12
toutiao.task.info	luckycat	default	2329	58	luckycat:default	1.24	72	14
toutiao.comment.comment	ugc	comment	13	57	ugc:comment	1.20	68	11
toutiao.luckycat.garden_api	luckycat	activity	13	57	luckycat:activity	1.20	68	11
toutiao.pgcapi.mp_creator_college	toutiao	pgc	13	56	toutiao:pgc	1.20	67	11
toutiao.growth.privacy_mobile	toutiao_lite	growth	13	56	toutiao_lite:growth	1.20	67	11
ngcc.platform.sso	hybrid	ngcc	13	54	hybrid:ngcc	1.20	65	11
toutiao.ncov2019.hospital	toutiao	default	13	54	toutiao:default	1.20	65	11
edu.exkid.teacher_goapi	hybrid	gogokid	13	51	hybrid:gogokid	1.20	61	10
cg.agent.web	toutiao	cg_agent	13	51	toutiao:cg_agent	1.20	61	10
toutiao.pgcapi.mp_article_material	toutiao	pgc	13	50	toutiao:pgc	1.20	60	10
byte.es.edgelog	search	edgelog	13	49	search:edgelog	1.20	59	10
people.saas.minicorehr_staging_stable	people_saas	staging	13	48	people_saas:staging	1.20	58	10
ad.platform.account_web	hybrid	cg_crm_app	13	45	hybrid:cg_crm_app	1.20	54	9
cmp.ecom.smart-go	ec	order	2329	45	ec:order	1.24	56	11
cg.csc.web	hybrid	cg_crm_app	13	44	hybrid:cg_crm_app	1.20	53	9
byte.es.ee_lark_security	bytees_lark	ee_lark_security	13	42	bytees_lark:ee_lark_security	1.20	50	8
byte.es.ranger_issue	search	ranger_issue	13	40	search:ranger_issue	1.20	48	8
toutiao.ugc.publish_goapi	ugc	post	35	40	ugc:post	1.20	48	8
data.abtest.vm_agw	toutiao	abtest	3040	39	toutiao:abtest	50.00	1950	1911
people.saas.minicorehr	people_saas	default	13	39	people_saas:default	1.20	47	8
toutiao.settings.settings	toutiao	settings_api	3040	38	toutiao:settings_api	50.00	1900	1862
byte.es.ezo_applog	search	ezo_applog	13	37	search:ezo_applog	1.20	44	7
toutiao.haohuo.site	temai	haohuo	35	36	temai:haohuo	1.20	43	7
toutiao.learning.column_consumption_api	learning	default	35	34	learning:default	1.20	41	7
byte.es.bfc_test	search	bfc_test	13	33	search:bfc_test	1.20	40	7
toutiao.pgcapi.mp_income_analysis	toutiao	pgc	13	32	toutiao:pgc	1.20	38	6
toutiao.user.auth_api	ugc	default	13	28	ugc:default	1.20	34	6
cg.crm.web	hybrid	cg_crm_app	13	27	hybrid:cg_crm_app	1.20	32	5
ttgame.game.mahjong_api	toutiao	default	13	27	toutiao:default	1.20	32	5
toutiao.pgcapi.mp_article	toutiao	pgc	13	27	toutiao:pgc	1.20	32	5
toutiao.music.api	toutiao	default	13	25	toutiao:default	1.20	30	5
cmp.ecom.smart-go	temai	product	13	24	temai:product	1.20	29	5
toutiao.ugc.comment_api	ugc	comment	35	24	ugc:comment	1.20	29	5
toutiao.reading.brokerapi	internal	default	13	23	internal:default	1.20	28	5
toutiao.cg.mersea	hybrid	cg_crm_app	13	22	hybrid:cg_crm_app	1.20	26	4
cmp.ecom.guarantee_backend	ec	pay	13	22	ec:pay	1.20	26	4
toutiao.category.api_ph	toutiao	category	13	22	toutiao:category	1.20	26	4
byte.es.ecom-backend	search	ecom-backend	13	21	search:ecom-backend	1.20	25	4
cmp.ecom.talent_seller	ec	talent_seller	35	21	ec:talent_seller	1.20	25	4
cmp.ecom.smart-go	ec	order	35	21	ec:order	1.20	25	4
people.corehr.saas	people_saas	default	13	20	people_saas:default	1.20	24	4
toutiao.growth.fantasy_api	toutiao_lite	growth	13	20	toutiao_lite:growth	1.20	24	4
cmp.ecom.smart-go	ec	smart_go	2329	20	ec:smart_go	1.24	25	5
cmp.ecom.smart-go	ec	product	35	19	ec:product	1.20	23	4
people.okr.okrx	people_saas	default	13	18	people_saas:default	1.20	22	4
security.seclink.jumper	hybrid	default	13	18	hybrid:default	1.20	22	4
ttgame.showcase.video_stimulation_api	toutiao	default	13	18	toutiao:default	1.20	22	4
toutiao.feedback.goapi	toutiao	default	3040	17	toutiao:default	50.00	850	833
toutiao.audio.goapi_app	toutiao	pgc	35	17	toutiao:pgc	1.20	20	3
ttgame.goldgame.playservice	toutiao	default	35	16	toutiao:default	1.20	19	3
ee.magina.leave_svr_online	magina	default	13	16	magina:default	1.20	19	3
byte.es.owms_data	search	owms_data	13	15	search:owms_data	1.20	18	3
jng.v.ttapp	hybrid	jn	13	15	hybrid:jn	1.20	18	3
cmp.ecom.kengo	ec	fe	13	15	ec:fe	1.20	18	3
toutiao.novel.provider_goapi	toutiao	novel	13	14	toutiao:novel	1.20	17	3
cmp.ecom.fe_alliance_shop_goofy	ec	fe_host_route	13	14	ec:fe_host_route	1.20	17	3
ies.starling.openapi	hybrid	default	13	13	hybrid:default	1.20	16	3
toutiao.pgcapi.mp_activity	toutiao	pgc	13	13	toutiao:pgc	1.20	16	3
cg.passport.web	hybrid	cg_crm_app	13	13	hybrid:cg_crm_app	1.20	16	3
byte.es.tuchong	search	tuchong	13	13	search:tuchong	1.20	16	3
ngcc.flyingfish.cti	hybrid	ngcc	13	12	hybrid:ngcc	1.20	14	2
ngcc.risk.management	hybrid	ngcc	13	12	hybrid:ngcc	1.20	14	2
ad.union.pangle	hybrid	ad_union	13	12	hybrid:ad_union	1.20	14	2
search.es.demo	search	demo	13	12	search:demo	1.20	14	2
ttgame.micro.distribute	toutiao	default	35	12	toutiao:default	1.20	14	2
toutiao.pgcapi.mp_qingyun	toutiao	pgc	13	12	toutiao:pgc	1.20	14	2
toutiao.muye.serial	toutiao	default	13	11	toutiao:default	1.20	13	2
toutiao.cg.message	hybrid	cg_crm_app	13	11	hybrid:cg_crm_app	1.20	13	2
toutiao.fe.search	toutiao	search	13	11	toutiao:search	1.20	13	2
ad.union.union_media	toutiao	default	13	10	toutiao:default	1.20	12	2
cg.sop.web	hybrid	cg_crm_app	13	10	hybrid:cg_crm_app	1.20	12	2
toutiao.fe.search_cluster_landing	toutiao	search	13	10	toutiao:search	1.20	12	2
toutiao.luckycat.novel_api	luckycat	default	13	10	luckycat:default	1.20	12	2
toutiao.ugc.video_hashtag_api	toutiao	default	35	10	toutiao:default	1.20	12	2
toutiao.growth.edu_commondity_order	hybrid	default	13	10	hybrid:default	1.20	12	2
ttgame.micro.distribute	toutiao	default	13	10	toutiao:default	1.20	12	2
ttgame.wonderland.api	toutiao	default	13	10	toutiao:default	1.20	12	2
toutiao.pgc.mass_profit	toutiao	pgc	13	9	toutiao:pgc	1.20	11	2
people.performance.feedback	people_saas	default	13	9	people_saas:default	1.20	11	2
people.elearning.learner_aggregator	people_saas	default	13	9	people_saas:default	1.20	11	2
byte.es.finance	search	finance	13	8	search:finance	1.20	10	2
toutiao.novel.partner_goapi	toutiao	novel	13	8	toutiao:novel	1.20	10	2
toutiao.cg.workflow	hybrid	ngcc	13	8	hybrid:ngcc	1.20	10	2
byte.es.xiguahomepage	search	xiguahomepage	13	8	search:xiguahomepage	1.20	10	2
people.elearning.csrf_token	people_saas	default	13	8	people_saas:default	1.20	10	2
cg.zhuge.web	hybrid	cg_crm_app	13	7	hybrid:cg_crm_app	1.20	8	1
cmp.ecom.kengo	ec	fe	2329	7	ec:fe	1.24	9	2
ngcc.video.ring	hybrid	ngcc	13	7	hybrid:ngcc	1.20	8	1
cmp.ecom.usergoapi	ec	ecomuser	13	7	ec:ecomuser	1.20	8	1
toutiao.learning.bookshelf_api	learning	default	35	7	learning:default	1.20	8	1
toutiao.learning.bookshelf_api	learning	default	13	7	learning:default	1.20	8	1
data.data_edu.olhwr_math_latin	hybrid	default	13	7	hybrid:default	1.20	8	1
cmp.ecom.usergoapi	ec	ecomuser	2329	7	ec:ecomuser	1.24	9	2
data_edu.sys.feature_store	hybrid	default	13	7	hybrid:default	1.20	8	1
em.cloudplat.slide	hybrid	em_docs	13	6	hybrid:em_docs	1.20	7	1
toutiao.novel.channel_goapi	toutiao	novel	1967	6	toutiao:novel	2.16	13	7
toutiao.ugc.vote_business	ugc	default	13	6	ugc:default	1.20	7	1
byte.es.ec	search	ec	13	6	search:ec	1.20	7	1
edu.exkid.student_goapi	hybrid	gogokid	13	6	hybrid:gogokid	1.20	7	1
toutiao.growth.fantasy_api	toutiao_lite	growth	35	6	toutiao_lite:growth	1.20	7	1
cg.security.csrf	hybrid	cg_crm_app	13	6	hybrid:cg_crm_app	1.20	7	1
ma.open.subscribe_notification	hybrid	mini_app	13	6	hybrid:mini_app	1.20	7	1
ngcc.ticket.platform	hybrid	cg_crm_app	13	5	hybrid:cg_crm_app	1.20	6	1
toutiao.audio.goapi_mp	toutiao	pgc	13	5	toutiao:pgc	1.20	6	1
caijing.wallet.predict_market	caijing	default	13	5	caijing:default	1.20	6	1
ngcc.msg.platform	hybrid	ngcc	13	5	hybrid:ngcc	1.20	6	1
edu.prek.marketing_center_api	hybrid	guagualong	13	5	hybrid:guagualong	1.20	6	1
cg.dingpan.web	hybrid	cg_crm_app	13	5	hybrid:cg_crm_app	1.20	6	1
cmp.ecom.zhidianmall	ec	zhidianmall	2329	5	ec:zhidianmall	1.24	6	1
toutiao.amos.amos_stream	toutiao	amos_stream	35	5	toutiao:amos_stream	1.20	6	1
toutiao.pgc.ecom_im	toutiao	pgc	13	5	toutiao:pgc	1.20	6	1
toutiao.pgcapi.mp_comment	toutiao	pgc	13	5	toutiao:pgc	1.20	6	1
byte.es.meeting_object	bytees_lark	meeting_object	13	4	bytees_lark:meeting_object	1.20	5	1
toutiao.fe.search_cluster_landing	toutiao	search	35	4	toutiao:search	1.20	5	1
em.mars.api	hybrid	em	13	4	hybrid:em	1.20	5	1
cmp.ecom.aladdin_api	ec	search	13	4	ec:search	1.20	5	1
toutiao.video.biz_publish_api	video	default	13	4	video:default	1.20	5	1
edu.exkid.parent_goapi	hybrid	gogokid	13	4	hybrid:gogokid	1.20	5	1
ee.task_center.backend	magina	default	13	4	magina:default	1.20	5	1
cg.mns.web	hybrid	cg_crm_app	13	4	hybrid:cg_crm_app	1.20	5	1
toutiao.luckycat.toutiao_api	toutiao_lite	default	13	4	toutiao_lite:default	1.20	5	1
people.survey.report	people_saas	default	13	4	people_saas:default	1.20	5	1
ttgame.cloud.game_user	toutiao	game	13	3	toutiao:game	1.20	4	1
toutiao.reading.userapi	toutiao	novel	13	3	toutiao:novel	1.20	4	1
cg.booking.web	hybrid	cg_crm_app	13	3	hybrid:cg_crm_app	1.20	4	1
toutiao.app.category_api	toutiao	category	2329	3	toutiao:category	1.24	4	1
toutiao.wap.wap_detail	toutiao_lite	default	13	3	toutiao_lite:default	1.20	4	1
people.atsx.apix	people_saas	default	13	3	people_saas:default	1.20	4	1
ohayoo.lightboat.bowland_logic_server	hybrid	default	13	3	hybrid:default	1.20	4	1
toutiao.goofy.cmd_server	toutiao	default	13	3	toutiao:default	1.20	4	1
toutiao.cg.cmm_mersea	hybrid	giant_crm_app	13	3	hybrid:giant_crm_app	1.20	4	1
toutiao.trade.cashier	learning	default	13	3	learning:default	1.20	4	1
ad.tetris.clue_collector	toutiao	default	13	3	toutiao:default	1.20	4	1
cmp.ecom.luban_landingpage_access	ec	shop_backend	13	3	ec:shop_backend	1.20	4	1
toutiao.novelfm.userapi	toutiao	novel	13	3	toutiao:novel	1.20	4	1
cmp.ecom.smart-go	temai	smart_go	13	3	temai:smart_go	1.20	4	1
edu.prek.mot_mall_api	hybrid	guagualong	13	3	hybrid:guagualong	1.20	4	1
ea.fin.travel_web_backend_prd	hybrid	EA	13	2	hybrid:EA	1.20	2	0
toutiao.trending.topic_api	toutiao	default	35	2	toutiao:default	1.20	2	0
cg.zhuge.public	hybrid	cg_crm_app	13	2	hybrid:cg_crm_app	1.20	2	0
cg.bsm.web	hybrid	cg_crm_app	13	2	hybrid:cg_crm_app	1.20	2	0
toutiao.user.my_tabs	toutiao	toutiao_my_tabs	35	2	toutiao:toutiao_my_tabs	1.20	2	0
cg.cont.web	hybrid	cg_crm_app	13	2	hybrid:cg_crm_app	1.20	2	0
edu.prek.ef_api	hybrid	guagualong	13	2	hybrid:guagualong	1.20	2	0
ad.site.material_market_server	data_platform	ad_site	13	2	data_platform:ad_site	1.20	2	0
ttgame.cloud.matrix_rpc	toutiao	default	13	2	toutiao:default	1.20	2	0
toutiao.snssdk.misc	toutiao	default	35	2	toutiao:default	1.20	2	0
edu.prek.npy_parent_api	hybrid	guagualong	13	2	hybrid:guagualong	1.20	2	0
cg.asc.web	hybrid	cg_crm_app	13	2	hybrid:cg_crm_app	1.20	2	0
cg.sta.web	hybrid	cg_crm_app	13	2	hybrid:cg_crm_app	1.20	2	0
caijing.tf.fund_data	caijing	default	13	2	caijing:default	1.20	2	0
cg.detain.web	hybrid	cg_crm_app	13	2	hybrid:cg_crm_app	1.20	2	0
toutiao.learning.mp_goapi	learning	default	13	2	learning:default	1.20	2	0
cmp.ecom.aladdin_api	ec	search	35	2	ec:search	1.20	2	0
ad.pangle.calendar_api	data_platform	default	13	2	data_platform:default	1.20	2	0
ad.site.creative_radar_server	data_platform	ad_site	13	2	data_platform:ad_site	1.20	2	0
ea.fin.travel_profile_prd	hybrid	EA	13	2	hybrid:EA	1.20	2	0
cmp.ecom.kengo	ec	fe	35	2	ec:fe	1.20	2	0
toutiao.pgcapi.mp_media_self_proof	toutiao	pgc	13	2	toutiao:pgc	1.20	2	0
toutiao.fe.search_stream_test	toutiao	search	13	2	toutiao:search	1.20	2	0
toutiao.pgcapi.mp_open_course	toutiao	pgc	13	2	toutiao:pgc	1.20	2	0
toutiao.fe.search_fe_template	toutiao	search	13	2	toutiao:search	1.20	2	0
toutiao.feedback.goapi	toutiao	default	13	2	toutiao:default	1.20	2	0
byte.es.suite_svc_oss	bytees_lark	suite_svc_oss	13	2	bytees_lark:suite_svc_oss	1.20	2	0
ma.open.subscribe_notification	hybrid	mini_app	35	2	hybrid:mini_app	1.20	2	0
byte.es.market_activity	search	market_activity	13	2	search:market_activity	1.20	2	0
edu.prek.goods_external_api_v2	hybrid	guagualong	13	2	hybrid:guagualong	1.20	2	0
ttgame.open.payment	hybrid	default	13	2	hybrid:default	1.20	2	0
toutiao.rumor.denier	toutiao	default	13	2	toutiao:default	1.20	2	0
toutiao.fe.search	toutiao	search	35	2	toutiao:search	1.20	2	0
cmp.ecom.usergoapi	ec	ecomuser	35	2	ec:ecomuser	1.20	2	0
toutiao.ngcc.numbers_pool	hybrid	ngcc	13	1	hybrid:ngcc	1.20	1	0
people.plugins.feedback	hybrid	people_plugin	13	1	hybrid:people_plugin	1.20	1	0
byte.es.sm_internal_search	search	sm_internal_search	13	1	search:sm_internal_search	1.20	1	0
caijing.wallet.predict_market	caijing	default	35	1	caijing:default	1.20	1	0
toutiao.bytelocation.provider	toutiao	location	13	1	toutiao:location	1.20	1	0
h.api.client	h	default	13	1	h:default	1.20	1	0
cloudpush.location.api	toutiao	location	1967	1	toutiao:location	2.16	2	1
h.fe.wechat_node	h	default	13	1	h:default	1.20	1	0
toutiao.ugc.vote_business	ugc	default	35	1	ugc:default	1.20	1	0
ea.fin.travel_flight_prd	hybrid	EA	13	1	hybrid:EA	1.20	1	0
cg.upay.web	hybrid	cg_crm_app	13	1	hybrid:cg_crm_app	1.20	1	0
edu.exkid.workflow_go	hybrid	gogokid	13	1	hybrid:gogokid	1.20	1	0
cmp.ecom.smart-go	ec	product	2329	1	ec:product	1.24	1	0
toutiao.pgcapi.trends_writing	toutiao	pgc	13	1	toutiao:pgc	1.20	1	0
em.cloudplat.treepoint	hybrid	em_docs	13	1	hybrid:em_docs	1.20	1	0
ea.sre.cicd_platform_server_dev	hybrid	EA	13	1	hybrid:EA	1.20	1	0
homed.pgc.bside	j	default	13	1	j:default	1.20	1	0
toutiao.video.ixigua_feedback	hybrid	default	13	1	hybrid:default	1.20	1	0
ea.fin.travel_booking_back_prd	hybrid	EA	13	1	hybrid:EA	1.20	1	0
em.platform.paper_api	hybrid	em_docs	13	1	hybrid:em_docs	1.20	1	0
toutiao.videoarch.rtc_fusion_v2	hybrid	video_arch	13	1	hybrid:video_arch	1.20	1	0
toutiao.trade.cashier	learning	default	35	1	learning:default	1.20	1	0
toutiao.cg.cognition	hybrid	cg_crm_app_large	13	1	hybrid:cg_crm_app_large	1.20	1	0
byte.es.tanna_sec	bytees_ee	tanna_sec	13	1	bytees_ee:tanna_sec	1.20	1	0
toutiao.videoarch.rtc_api_v2	hybrid	video_arch	13	1	hybrid:video_arch	1.20	1	0
people.atsx.openapi_staging	people_saas	staging	13	1	people_saas:staging	1.20	1	0
byte.es.ixigua_feedback	search	ixigua_feedback	13	1	search:ixigua_feedback	1.20	1	0
ee.people.searchplatform_staging	people_saas	staging	13	1	people_saas:staging	1.20	1	0
ngcc.ctievent.online	hybrid	ngcc	13	1	hybrid:ngcc	1.20	1	0
toutiao.cg.cognition_new	hybrid	cg_crm_app_large	13	1	hybrid:cg_crm_app_large	1.20	1	0
ngcc.ticket.platform	hybrid	default	13	1	hybrid:default	1.20	1	0
toutiao.pgcapi.mp_creator_project	toutiao	pgc	13	1	toutiao:pgc	1.20	1	0
toutiao.task.api	luckycat	default	13	1	luckycat:default	1.20	1	0
toutiao.tt_service.other_api	toutiao	default	35	1	toutiao:default	1.20	1	0
cg.mns_metric_display.web	hybrid	cg_crm_app	13	1	hybrid:cg_crm_app	1.20	1	0
ttgame.sari.api	toutiao	default	13	1	toutiao:default	1.20	1	0
toutiao.learning.live_api	learning	default	13	1	learning:default	1.20	1	0
ngcc.quality.inspection	hybrid	cg_crm_app	13	1	hybrid:cg_crm_app	1.20	1	0
aweme.ecert.facade	aweme	default	2329	1	aweme:default	1.24	1	0
caijing.wallet.cityservice	caijing	default	13	1	caijing:default	1.20	1	0
toutiao.reading.adminapi	internal	default	13	1	internal:default	1.20	1	0
toutiao.fe.search_stream_test	toutiao	search	35	1	toutiao:search	1.20	1	0
toutiao.task.info	luckycat	default	1967	1	luckycat:default	2.16	2	1
people.elearning.mix	people_saas	default	13	1	people_saas:default	1.20	1	0
toutiao.music.api	toutiao	default	35	1	toutiao:default	1.20	1	0
cmp.ecom.open_client	ec	fe_host_route	13	1	ec:fe_host_route	1.20	1	0
cmp.ecom.smart-go	ec	order	1967	1	ec:order	2.16	2	1
cmp.ecom.elitecrm	ec	elitecrm	13	1	ec:elitecrm	1.20	1	0
byte.es.customer_service	search	customer_service	13	1	search:customer_service	1.20	1	0
ee.magina.auth	magina	default	13	1	magina:default	1.20	1	0
ee.people.searchplatform	people_saas	default	13	1	people_saas:default	1.20	1	0
toutiao.luckycat.lite_api	luckycat	default	13	1	luckycat:default	1.20	1	0
aweme.ecert.facade	aweme	default	13	1	aweme:default	1.20	1	0
people.arena.exam	people_saas	default	13	1	people_saas:default	1.20	1	0
people.okr.okrx_pre_release	people_saas	default	13	1	people_saas:default	1.20	1	0
toutiao.growth.novelfm_coldstart	luckycat	default	3040	1	luckycat:default	50.00	50	49
byte.es.alliance_base_data	search	alliance_base_data	13	1	search:alliance_base_data	1.20	1	0
search.es.feiliao	search	feiliao	13	1	search:feiliao	1.20	1	0
people.saas.role_manage_staging_stable	people_saas	staging	13	1	people_saas:staging	1.20	1	0
ttgame.open.payment	hybrid	default	2329	1	hybrid:default	1.24	1	0
cg.galaxy.web	hybrid	cg_crm_app	13	1	hybrid:cg_crm_app	1.20	1	0
cg.quality_inspection.web	hybrid	cg_crm_app	13	1	hybrid:cg_crm_app	1.20	1	0
edu.prek.buy_api	hybrid	guagualong	13	1	hybrid:guagualong	1.20	1	0
toutiao.information.user_approbate_api	toutiao	default	13	1	toutiao:default	1.20	1	0
ecom.bic.common	ec	fe_host_route	13	1	ec:fe_host_route	1.20	1	0
people.elearning.resource	people_saas	default	13	1	people_saas:default	1.20	1	0
ea.fin.travel_application_back_prd	hybrid	EA	13	1	hybrid:EA	1.20	1	0
toutiao.ugc.publish_api	toutiao	default	35	1	toutiao:default	1.20	1	0
people.elearning.admin_aggregator	people_saas	default	13	1	people_saas:default	1.20	1	0
byte.es.ecom_charge	search	ecom_charge	13	1	search:ecom_charge	1.20	1	0
people.saas.console_staging_stable	people_saas	staging	13	1	people_saas:staging	1.20	1	0
byte.es.larkbe_err_log	search	larkbe_err_log	13	1	search:larkbe_err_log	1.20	1	0
toutiao.search_content.mp_wenda	toutiao	pgc	13	1	toutiao:pgc	1.20	1	0
ee.magina.employee	magina	default	13	0	magina:default	1.20	0	0
byte.es.ep	search	ep	13	0	search:ep	1.20	0	0
toutiao.pgcapi.mp_notify	toutiao	pgc	35	0	toutiao:pgc	1.20	0	0
toutiao.novel.quick_userapi	toutiao	novel	13	0	toutiao:novel	1.20	0	0
em.cloudplat.space	hybrid	em_docs	13	0	hybrid:em_docs	1.20	0	0
toutiao.fe.search_explore	toutiao	search	35	0	toutiao:search	1.20	0	0
people.elearning.enrollment	people_saas	default	13	0	people_saas:default	1.20	0	0
em.cloudplat.import_export	hybrid	em_docs	13	0	hybrid:em_docs	1.20	0	0
cg.mkt_marketing.web	hybrid	cg_crm_app	13	0	hybrid:cg_crm_app	1.20	0	0
ee.magina.archive	magina	default	13	0	magina:default	1.20	0	0
toutiao.pugc.activity_component	toutiao	default	13	0	toutiao:default	1.20	0	0
toutiao.fe.search_explore	toutiao	search	13	0	toutiao:search	1.20	0	0
cmp.ecom.flash	temai	flash	13	0	temai:flash	1.20	0	0
toutiao.luckycat.open_api	luckycat	default	13	0	luckycat:default	1.20	0	0
people.okr.okrx_staging	people_saas	staging	13	0	people_saas:staging	1.20	0	0
cg.ds.trade_web	hybrid	cg_crm_app	13	0	hybrid:cg_crm_app	1.20	0	0
people.survey.rbac	people_saas	default	13	0	people_saas:default	1.20	0	0
byte.es.poi_amap	search	poi_amap	13	0	search:poi_amap	1.20	0	0
cg.gcrm.opportunity_web	hybrid	giant_crm_app	13	0	hybrid:giant_crm_app	1.20	0	0
search.es.demo	bytees_lark	demo	13	0	bytees_lark:demo	1.20	0	0
toutiao.pgcfe.custom_data_server	toutiao	pgc	35	0	toutiao:pgc	1.20	0	0
people.assessment.wayne	people_saas	default	13	0	people_saas:default	1.20	0	0
ee.magina.file_transit	magina	default	13	0	magina:default	1.20	0	0
cg.gcrm.web	hybrid	giant_crm_app	13	0	hybrid:giant_crm_app	1.20	0	0
toutiao.luckycat.widget_api	toutiao_lite	default	1967	0	toutiao_lite:default	2.16	0	0
byte.es.cmp_ecom_shopfxg	search	cmp_ecom_shopfxg	13	0	search:cmp_ecom_shopfxg	1.20	0	0
em.cloudplat.room	hybrid	em_docs	13	0	hybrid:em_docs	1.20	0	0
cmp.cg.esign_saas	hybrid	cg_crm_app	13	0	hybrid:cg_crm_app	1.20	0	0
toutiao.luckycat.activate_code_api	luckycat	default	13	0	luckycat:default	1.20	0	0
homed.business.bservice	j	default	13	0	j:default	1.20	0	0
cg.mns.task_manage	hybrid	cg_crm_app	13	0	hybrid:cg_crm_app	1.20	0	0
people.elearning.score_aggregator	people_saas	default	13	0	people_saas:default	1.20	0	0
toutiao.novel.quick_bookapi	toutiao	novel	13	0	toutiao:novel	1.20	0	0
em.classical_chinese.search	hybrid	em_docs	13	0	hybrid:em_docs	1.20	0	0
cg.css.web	hybrid	cg_crm_app	13	0	hybrid:cg_crm_app	1.20	0	0
byte.es.ttgame	search	ttgame	13	0	search:ttgame	1.20	0	0
people.corehr.saas_lark_staging	people_saas	staging	13	0	people_saas:staging	1.20	0	0
byte.es.ee_testV2	bytees_lark	ee_testV2	13	0	bytees_lark:ee_testV2	1.20	0	0
byte.es.xg_tv_search	search	xg_tv_search	13	0	search:xg_tv_search	1.20	0	0
cg.aruba.web	hybrid	cg_crm_app	13	0	hybrid:cg_crm_app	1.20	0	0
em.lms.draw2	hybrid	em_docs	13	0	hybrid:em_docs	1.20	0	0
aweme.saiyan.ops	aweme	default	13	0	aweme:default	1.20	0	0
toutiao.pgcapi.mp_author_invite	toutiao	pgc	13	0	toutiao:pgc	1.20	0	0
cg.mns_metric.web	hybrid	cg_crm_app	13	0	hybrid:cg_crm_app	1.20	0	0
toutiao.videoarch.rtc_fusion_v2_test	hybrid	video_arch	13	0	hybrid:video_arch	1.20	0	0
cg.policy.web	hybrid	cg_crm_app	13	0	hybrid:cg_crm_app	1.20	0	0
em.cloudplat.doc	hybrid	em_docs	13	0	hybrid:em_docs	1.20	0	0
toutiao.pgcapi.mp_income_analysis	toutiao	pgc	35	0	toutiao:pgc	1.20	0	0
toutiao.pgcapi.mp_appeal	toutiao	pgc	13	0	toutiao:pgc	1.20	0	0
cg.gcrm.base_web	hybrid	giant_crm_app	13	0	hybrid:giant_crm_app	1.20	0	0
toutiao.user.auth_api	ugc	default	35	0	ugc:default	1.20	0	0
cg.gcrm.activity_web	hybrid	giant_crm_app	13	0	hybrid:giant_crm_app	1.20	0	0
ea.fin.travel_national_geographic_app_prd	hybrid	EA	13	0	hybrid:EA	1.20	0	0
cg.revisit.web	hybrid	cg_crm_app	13	0	hybrid:cg_crm_app	1.20	0	0
people.elearning.rtc	people_saas	default	13	0	people_saas:default	1.20	0	0
cg.gcrm.global_customer_web	hybrid	giant_crm_app	13	0	hybrid:giant_crm_app	1.20	0	0
toutiao.learning.ecom_goapi	learning	default	13	0	learning:default	1.20	0	0
ea.fin.hermes_back_prd	hybrid	EA	13	0	hybrid:EA	1.20	0	0
toutiao.pugc.activity_component	toutiao	default	35	0	toutiao:default	1.20	0	0
ee.magina.auth_pre_release	magina	default	13	0	magina:default	1.20	0	0
em.cloudplat.file_downloader	hybrid	em_docs	13	0	hybrid:em_docs	1.20	0	0
toutiao.pgc.auditproxy	toutiao	pgc	13	0	toutiao:pgc	1.20	0	0
cmp.cg.samoa	hybrid	cg_crm_app	13	0	hybrid:cg_crm_app	1.20	0	0
toutiao.pgc.praise_api	toutiao	pgc	13	0	toutiao:pgc	1.20	0	0
people.survey.project	people_saas	default	13	0	people_saas:default	1.20	0	0
toutiao.pgcapi.trends_writing	toutiao	pgc	35	0	toutiao:pgc	1.20	0	0
toutiao.videoarch.rtc_api_v2_test	hybrid	video_arch	13	0	hybrid:video_arch	1.20	0	0
ea.fin.travel_elasticseach_pre	hybrid	EA	13	0	hybrid:EA	1.20	0	0
cg.iap.web	hybrid	cg_crm_app	13	0	hybrid:cg_crm_app	1.20	0	0
motor.creator.center	automobile	default	13	0	automobile:default	1.20	0	0
toutiao.gis.reverse_geolocation	toutiao	location	35	0	toutiao:location	1.20	0	0
cg.bi.web	hybrid	cg_crm_app	13	0	hybrid:cg_crm_app	1.20	0	0
cg.analysis_oversea.web	hybrid	cg_crm_app	13	0	hybrid:cg_crm_app	1.20	0	0
toutiao.task.api	luckycat	default	2329	0	luckycat:default	1.24	0	0
content.online_cloud.platform	internal	default	13	0	internal:default	1.20	0	0
cmp.ecom.smart-go	ec	smart_go	1967	0	ec:smart_go	2.16	0	0
ea.fin.travel_purchase_back_prd	hybrid	EA	13	0	hybrid:EA	1.20	0	0
people.performance.feedback_staging	people_saas	staging	13	0	people_saas:staging	1.20	0	0
cg.gcrm.node_server	hybrid	giant_crm_app	13	0	hybrid:giant_crm_app	1.20	0	0
toutiao.appmonitor.fine_symbolicate	hybrid	appmonitor	13	0	hybrid:appmonitor	1.20	0	0
people.arena.exam_staging	people_saas	staging	13	0	people_saas:staging	1.20	0	0
toutiao.user.report_api	toutiao	default	35	0	toutiao:default	1.20	0	0
ea.fin.ssc_assignment_back_test	hybrid	EA	13	0	hybrid:EA	1.20	0	0
cg.common.program	hybrid	cg_crm_app	13	0	hybrid:cg_crm_app	1.20	0	0
toutiao.trade.user_order	learning	default	13	0	learning:default	1.20	0	0
people.assessment.flash	people_saas	default	13	0	people_saas:default	1.20	0	0
ttgame.game.game_center_report	toutiao	game	13	0	toutiao:game	1.20	0	0
cmp.ecom.effect	ec	default	13	0	ec:default	1.20	0	0
cg.kefu.web	hybrid	cg_crm_app	13	0	hybrid:cg_crm_app	1.20	0	0
toutiao.vip.goapi	learning	default	35	0	learning:default	1.20	0	0
search.es.cd	search	cd	13	0	search:cd	1.20	0	0
ea.fin.travel_feedback_prd	hybrid	EA	13	0	hybrid:EA	1.20	0	0
em.cloudplat.thirdresource	hybrid	em_docs	13	0	hybrid:em_docs	1.20	0	0
people.assessment.iris	people_saas	default	13	0	people_saas:default	1.20	0	0
em.cloudplat.biz_access_demo	hybrid	em_docs	13	0	hybrid:em_docs	1.20	0	0
toutiao.pgcapi.mp_statistic	toutiao	pgc	35	0	toutiao:pgc	1.20	0	0
ea.fin.travel_approval_web_prd	hybrid	EA	13	0	hybrid:EA	1.20	0	0
toutiao.reading.bookapi	toutiao	novel	13	0	toutiao:novel	1.20	0	0
em.cloudplat.authority	hybrid	em_docs	13	0	hybrid:em_docs	1.20	0	0
toutiao.luckycat.livestream_lite_api	luckycat	default	13	0	luckycat:default	1.20	0	0
cg.marketing.web	hybrid	cg_crm_app	13	0	hybrid:cg_crm_app	1.20	0	0
ttgame.micro.recommend	toutiao	default	35	0	toutiao:default	1.20	0	0
toutiao.trending.carryon_api	ugc	default	13	0	ugc:default	1.20	0	0
toutiao.tt_service.other_api	toutiao	default	2329	0	toutiao:default	1.24	0	0
ee.magina.misc_pre_release	magina	default	13	0	magina:default	1.20	0	0
ee.magina.stock	magina	default	13	0	magina:default	1.20	0	0
cg.agent.web	hybrid	cg_crm_app	13	0	hybrid:cg_crm_app	1.20	0	0
toutiao.pgcapi.mp_creator_college	toutiao	pgc	35	0	toutiao:pgc	1.20	0	0
cg.ds.manage_web	hybrid	cg_crm_app	13	0	hybrid:cg_crm_app	1.20	0	0
ngcc.video.ring_management	hybrid	ngcc	13	0	hybrid:ngcc	1.20	0	0
ee.magina.tp_range	magina	default	13	0	magina:default	1.20	0	0
toutiao.category.ranking	toutiao	category	13	0	toutiao:category	1.20	0	0
toutiao.user.block_goapi	ugc	default	35	0	ugc:default	1.20	0	0
toutiao.vip.goapi	learning	default	13	0	learning:default	1.20	0	0
people.assessment.joseph	people_saas	default	13	0	people_saas:default	1.20	0	0
toutiao.novel.cpplatform	toutiao	novel	13	0	toutiao:novel	1.20	0	0
h.api.operation	h	default	13	0	h:default	1.20	0	0
toutiao.videoarch.streaming_review_core	video	default	13	0	video:default	1.20	0	0
aweme.saiyan.facade	hybrid	aweme	13	0	hybrid:aweme	1.20	0	0
h.svr.wechat	h	default	13	0	h:default	1.20	0	0
toutiao.novelfm.bookmallapi	toutiao	novel	13	0	toutiao:novel	1.20	0	0
toutiao.videoarch.oner_manager_thrift	hybrid	video_arch	13	0	hybrid:video_arch	1.20	0	0
cg.sdtool.web	hybrid	cg_crm_app	13	0	hybrid:cg_crm_app	1.20	0	0
ee.magina.salary_online	magina	default	13	0	magina:default	1.20	0	0
people.elearning.auth	people_saas	default	13	0	people_saas:default	1.20	0	0
toutiao.novel.trade_goapi	toutiao	novel	13	0	toutiao:novel	1.20	0	0
ecom.seller.market_api	ec	talent_seller	13	0	ec:talent_seller	1.20	0	0
em.cloudplat.comment	hybrid	em_docs	13	0	hybrid:em_docs	1.20	0	0
byte.es.knowledge_explorer	search	knowledge_explorer	13	0	search:knowledge_explorer	1.20	0	0
ee.magina.permission	magina	default	13	0	magina:default	1.20	0	0
people.saas.role_manage	people_saas	default	13	0	people_saas:default	1.20	0	0
ea.fin.travel_itinerary_prd	hybrid	EA	13	0	hybrid:EA	1.20	0	0
ee.magina.misc	magina	default	13	0	magina:default	1.20	0	0
people.saas.license	people_saas	default	13	0	people_saas:default	1.20	0	0
toutiao.pgcapi.mp_media_matrix	toutiao	pgc	13	0	toutiao:pgc	1.20	0	0
h.api.study_room	h	default	13	0	h:default	1.20	0	0
em.cloudplat.slide_transcode	hybrid	em_docs	13	0	hybrid:em_docs	1.20	0	0
ea.fin.travel_payment_back_prd	hybrid	EA	13	0	hybrid:EA	1.20	0	0
toutiao.novel.trade_goapi	toutiao	novel	35	0	toutiao:novel	1.20	0	0
ea.fin.travel_auth_backend_prd	hybrid	EA	13	0	hybrid:EA	1.20	0	0
people.elearning.data_center	people_saas	default	13	0	people_saas:default	1.20	0	0
cg.multi_tenant_management.web	hybrid	giant_crm_app	13	0	hybrid:giant_crm_app	1.20	0	0
cg.quote.web	hybrid	cg_crm_app	13	0	hybrid:cg_crm_app	1.20	0	0
people.elearning.course	people_saas	default	13	0	people_saas:default	1.20	0	0
toutiao.luckycat.article_lite	luckycat	default	13	0	luckycat:default	1.20	0	0
em.cloudplat.usercenter	hybrid	em_docs	13	0	hybrid:em_docs	1.20	0	0
toutiao.task.info	luckycat	default	13	0	luckycat:default	1.20	0	0
ea.vidi.permission	hybrid	EA	13	0	hybrid:EA	1.20	0	0
ttgame.union.sdk	toutiao	game	13	0	toutiao:game	1.20	0	0
toutiao.pgcapi.mp_media	toutiao	pgc	35	0	toutiao:pgc	1.20	0	0
byte.es.ecom_thunder	search	ecom_thunder	13	0	search:ecom_thunder	1.20	0	0
byte.es.cd_log	search	cd_log	13	0	search:cd_log	1.20	0	0
toutiao.reading.readerapi	toutiao	novel	13	0	toutiao:novel	1.20	0	0
aweme.commerce.coupon_facade	hybrid	aweme	13	0	hybrid:aweme	1.20	0	0
cg.multi_tenant_management.metagen_web	hybrid	giant_crm_app	13	0	hybrid:giant_crm_app	1.20	0	0
toutiao.luckycat.aweme_api	luckycat	aweme_lite	13	0	luckycat:aweme_lite	1.20	0	0
h.api.solution	h	default	13	0	h:default	1.20	0	0
toutiao.luckycat.aweme_nh	luckycat	aweme_welfare	13	0	luckycat:aweme_welfare	1.20	0	0
toutiao.pgcapi.mp_media_self_proof	toutiao	pgc	35	0	toutiao:pgc	1.20	0	0
edu.exkid.um_api	hybrid	gogokid	13	0	hybrid:gogokid	1.20	0	0
toutiao.task.info	luckycat	default	3040	0	luckycat:default	50.00	0	0
cg.credit.web	hybrid	cg_crm_app	13	0	hybrid:cg_crm_app	1.20	0	0
byte.es.novel_tags	search	novel_tags	13	0	search:novel_tags	1.20	0	0
people.survey.infra	people_saas	default	13	0	people_saas:default	1.20	0	0
people.corehr.saas_staging_stable	people_saas	staging	13	0	people_saas:staging	1.20	0	0
people.saas.console	people_saas	default	13	0	people_saas:default	1.20	0	0
cmp.ecom.lark	ec	fe	13	0	ec:fe	1.20	0	0
toutiao.luckycat.user_api	toutiao_lite	default	1967	0	toutiao_lite:default	2.16	0	0
toutiao.luckycat.user_sink_attribution	toutiao_lite	default	1967	0	toutiao_lite:default	2.16	0	0
toutiao.feedback.goapi	toutiao	default	35	0	toutiao:default	1.20	0	0
cg.dcp.web_va	hybrid	cg_crm_app	13	0	hybrid:cg_crm_app	1.20	0	0
ma.open.match_make	hybrid	mini_app	13	0	hybrid:mini_app	1.20	0	0
aweme.commerce.coupon_facade	hybrid	aweme	2329	0	hybrid:aweme	1.24	0	0
people.elearning.csrf_token_staging	people_saas	staging	13	0	people_saas:staging	1.20	0	0
em.cloudplat.item	hybrid	em_docs	13	0	hybrid:em_docs	1.20	0	0
toutiao.fe.search_fe_template	toutiao	search	35	0	toutiao:search	1.20	0	0
toutiao.reading.ugcapi	toutiao	novel	13	0	toutiao:novel	1.20	0	0
toutiao.reading.mediaapi	toutiao	novel	13	0	toutiao:novel	1.20	0	0
cg.audit_op.web	hybrid	cg_crm_app	13	0	hybrid:cg_crm_app	1.20	0	0
people.elearning.rtc_staging	people_saas	staging	13	0	people_saas:staging	1.20	0	0
toutiao.ugc.vote_publish	ugc	default	13	0	ugc:default	1.20	0	0
toutiao.learning.lives_appointment	learning	default	13	0	learning:default	1.20	0	0
em.cd.channel	toutiao	default	13	0	toutiao:default	1.20	0	0
ea.sre.cicd_platform_server_test	hybrid	EA	13	0	hybrid:EA	1.20	0	0
cmp.cg.esign_zeus_general_gateway	hybrid	cg_crm_app	13	0	hybrid:cg_crm_app	1.20	0	0
byte.es.ecom_freight	search	ecom_freight	13	0	search:ecom_freight	1.20	0	0
cg.product.web	hybrid	cg_crm_app	13	0	hybrid:cg_crm_app	1.20	0	0
toutiao.growth.edu_pay	hybrid	default	13	0	hybrid:default	1.20	0	0
ad.tetris.clue_collector	toutiao	default	35	0	toutiao:default	1.20	0	0
toutiao.learning.lives_appointment	learning	default	35	0	learning:default	1.20	0	0
toutiao.pgcapi.hotarticle	toutiao	pgc	13	0	toutiao:pgc	1.20	0	0
toutiao.fe.search_stream	toutiao	search	3040	0	toutiao:search	50.00	0	0
em.cloudplat.config	hybrid	em_docs	13	0	hybrid:em_docs	1.20	0	0
toutiao.wap.share_strategy	toutiao_lite	default	2329	0	toutiao_lite:default	1.24	0	0
toutiao.pgcapi.mp_infringement	toutiao	pgc	13	0	toutiao:pgc	1.20	0	0
toutiao.pgcapi.mp_editor	toutiao	pgc	13	0	toutiao:pgc	1.20	0	0
lab.gateway.test	toutiao	default	13	0	toutiao:default	1.20	0	0
people.performance.feedback_pre_release	people_saas	default	13	0	people_saas:default	1.20	0	0
toutiao.pgcapi.writing_competition	toutiao	pgc	13	0	toutiao:pgc	1.20	0	0
byte.es.videoarch_cloud_business	search	videoarch_cloud_business	13	0	search:videoarch_cloud_business	1.20	0	0
toutiao.pgcapi.mp_creator_center	toutiao	pgc	35	0	toutiao:pgc	1.20	0	0
toutiao.ugc.vote_publish	ugc	default	35	0	ugc:default	1.20	0	0
ttgame.game.reserve	toutiao	game	13	0	toutiao:game	1.20	0	0
byte.es.homed_article	search	homed_article	13	0	search:homed_article	1.20	0	0
cg.gcrm.contact_web	hybrid	giant_crm_app	13	0	hybrid:giant_crm_app	1.20	0	0
security.seclink.jumper	hybrid	default	2329	0	hybrid:default	1.24	0	0
byte.es.agentsmith_hub	search	agentsmith_hub	13	0	search:agentsmith_hub	1.20	0	0
h.api.ugc	h	default	13	0	h:default	1.20	0	0
ea.fin.hermes_employee_web_back_prd	hybrid	EA	13	0	hybrid:EA	1.20	0	0
ttgame.game_channel.api	toutiao	default	13	0	toutiao:default	1.20	0	0
toutiao.pgcapi.mp_article_material	toutiao	pgc	35	0	toutiao:pgc	1.20	0	0
em.cloudplat.slice	hybrid	em_docs	13	0	hybrid:em_docs	1.20	0	0
em.cloudplat.resource	hybrid	em_docs	13	0	hybrid:em_docs	1.20	0	0
byte.es.people_recommend	bytees_ee	people_recommend	13	0	bytees_ee:people_recommend	1.20	0	0
people.survey.report_staging	people_saas	staging	13	0	people_saas:staging	1.20	0	0
cg.agent.prm	hybrid	giant_crm_app	13	0	hybrid:giant_crm_app	1.20	0	0
cg.pmt.web	hybrid	cg_crm_app	13	0	hybrid:cg_crm_app	1.20	0	0
people.elearning.user	people_saas	default	13	0	people_saas:default	1.20	0	0
cg.sigma.web	hybrid	cg_crm_app	13	0	hybrid:cg_crm_app	1.20	0	0
ngcc.video.ring_app	hybrid	ngcc	13	0	hybrid:ngcc	1.20	0	0
toutiao.luckycat.livestream	luckycat	default	13	0	luckycat:default	1.20	0	0
toutiao.amos.amos_stream	toutiao	default	13	0	toutiao:default	1.20	0	0
byte.es.lab_speech_robot_session	search	lab_speech_robot_session	13	0	search:lab_speech_robot_session	1.20	0	0
byte.es.em_picsearch	search	em_picsearch	13	0	search:em_picsearch	1.20	0	0
toutiao.videoarch.rtcaisolution	hybrid	video_arch	13	0	hybrid:video_arch	1.20	0	0
em.cloudplat.tag	hybrid	em_docs	13	0	hybrid:em_docs	1.20	0	0
people.infra.message_box	people_saas	default	13	0	people_saas:default	1.20	0	0
toutiao.video.biz_service_praise	video	default	13	0	video:default	1.20	0	0
cg.app_portal.web	hybrid	cg_crm_app	13	0	hybrid:cg_crm_app	1.20	0	0
ttgame.assistant.api	toutiao	default	13	0	toutiao:default	1.20	0	0
cg.ds.portal_capsule	hybrid	cg_crm_app	13	0	hybrid:cg_crm_app	1.20	0	0
people.infra.message_box_staging	people_saas	staging	13	0	people_saas:staging	1.20	0	0
ttgame.open.payment	hybrid	default	35	0	hybrid:default	1.20	0	0